name,image_file,price,category,description
Cheese Cloth No 60,UtMassa.tiff,216.24,GARDENING,transform innovative e-tailers
Piping - Bags Quizna,QuisOdio.pdf,256.74,HOUSEHOLD,innovate frictionless supply-chains
Oregano - Dry Rubbed,MolestieLorem.avi,178.51,GARDENING,aggregate dot-com action-items
Steel Wool S.o.s,Nibh.xls,197.69,HOUSEHOLD,cultivate world-class functionalities
Tea - Honey Green Tea,PedeMorbiPorttitor.mp3,99.02,GARDENING,empower vertical e-tailers
Ecolab - Lime - A - Way 4/4 L,Dui.mp3,233.31,HOUSEHOLD,e-enable plug-and-play metrics
Hand Towel,MagnisDis.txt,221.92,HOUSEHOLD,syndicate virtual supply-chains
Arizona - Plum Green Tea,Turpis.mpeg,260.92,ELECTRONICS,facilitate one-to-one markets
Lettuce - Radicchio,Tincidunt.jpeg,169.89,ELECTRONICS,innovate B2C infrastructures
Juice - Apple 284ml,Convallis.doc,182.96,ELECTRONICS,syndicate plug-and-play eyeballs
Milk - 1%,Dui.mp3,54.67,GARDENING,engineer real-time infomediaries
Magnotta Bel Paese Red,CumSociis.pdf,151.82,GARDENING,incubate B2C infomediaries
Pork - Kidney,DiamVitae.xls,190.56,HOUSEHOLD,innovate mission-critical mindshare
Turkey - Breast Bone - In,OdioConsequatVarius.mp3,293.78,ELECTRONICS,syndicate integrated solutions
Pork - Bacon Sliced,DuisAt.pdf,125.46,GARDENING,scale revolutionary metrics
Bread - White Epi Baguette,NuncVestibulum.ppt,201.92,GARDENING,optimize one-to-one methodologies
Tea - Herbal Orange Spice,CommodoVulputate.txt,166.53,GARDENING,deliver end-to-end channels
Pastry - Butterscotch Baked,Nullam.ppt,100.12,ELECTRONICS,utilize collaborative infrastructures
Soup - Campbellschix Stew,LuctusEtUltrices.xls,79.93,ELECTRONICS,enable efficient partnerships
Cream - 35%,LiberoNonMattis.tiff,250.54,ELECTRONICS,utilize dot-com web-readiness
Cabbage - Green,Ut.avi,125.85,GARDENING,orchestrate B2C deliverables
Turnip - White,CuraeDuis.tiff,196.99,GARDENING,repurpose virtual markets
Juice - Ocean Spray Kiwi,Cras.avi,280.67,ELECTRONICS,matrix world-class action-items
Table Cloth - 53x69 Colour,HacHabitassePlatea.doc,57.65,HOUSEHOLD,scale virtual systems
Soup - Campbells Pasta Fagioli,TortorDuis.mpeg,212.53,GARDENING,envisioneer mission-critical schemas
Coffee - Irish Cream,IntegerAcNeque.tiff,196.24,ELECTRONICS,drive out-of-the-box functionalities
Compound - Pear,ProinAtTurpis.ppt,145.31,GARDENING,deliver proactive functionalities
Wine - Rosso Toscano Igt,PedeJusto.jpeg,52.52,ELECTRONICS,generate efficient web-readiness
Artichoke - Hearts Canned,AdipiscingLorem.tiff,236.55,HOUSEHOLD,benchmark impactful web services
Lettuce - Iceberg,PedePosuereNonummy.ppt,187.66,GARDENING,engage dot-com e-markets
Curry Powder,Nibh.doc,114.99,ELECTRONICS,redefine proactive portals
Cheese - Gouda Smoked,HabitassePlatea.xls,157.95,ELECTRONICS,architect holistic users
Bread - Raisin Walnut Pull,EleifendLuctus.avi,298.47,ELECTRONICS,iterate innovative niches
Oil - Olive Extra Virgin,ConsequatDui.ppt,52.28,HOUSEHOLD,incubate collaborative models
Corn - On The Cob,LuctusNec.doc,106.8,GARDENING,streamline real-time applications
Beer - Moosehead,LuctusNecMolestie.mpeg,281.86,HOUSEHOLD,streamline holistic content
Bagelers - Cinn / Brown Sugar,Sit.xls,166.45,ELECTRONICS,expedite collaborative mindshare
Beef Tenderloin Aaa,Montes.ppt,172.16,ELECTRONICS,architect visionary ROI
Extract - Vanillaartificial,InQuis.doc,159.32,HOUSEHOLD,strategize back-end markets
Thyme - Dried,Condimentum.mp3,54.22,GARDENING,leverage leading-edge markets
Turkey Leg With Drum And Thigh,Auctor.mpeg,85.41,GARDENING,reintermediate visionary supply-chains
Lamb - Whole Fresh,CongueDiamId.avi,237.28,ELECTRONICS,utilize efficient metrics
Alize Gold Passion,Duis.xls,95.46,ELECTRONICS,maximize scalable channels
Wine - White Cab Sauv.on,OdioCondimentumId.mp3,105.95,GARDENING,revolutionize dynamic initiatives
Longos - Greek Salad,AliquamSitAmet.avi,94.33,GARDENING,orchestrate user-centric portals
Appetizer - Sausage Rolls,PotentiInEleifend.png,214.5,GARDENING,unleash visionary deliverables
Oregano - Fresh,LuctusCum.tiff,202.64,ELECTRONICS,aggregate magnetic initiatives
Pur Source,Tortor.avi,261.45,GARDENING,redefine mission-critical e-business
Creme De Cacao Mcguines,EratVestibulumSed.txt,257.66,GARDENING,optimize best-of-breed e-services
Beef - Montreal Smoked Brisket,AcLobortisVel.mpeg,56.23,HOUSEHOLD,deploy best-of-breed deliverables
Sobe - Tropical Energy,MorbiQuisTortor.xls,104.56,GARDENING,strategize customized applications
Sauce - Soya Dark,InQuisJusto.jpeg,274.25,ELECTRONICS,deliver killer convergence
Chips Potato Salt Vinegar 43g,Mollis.ppt,249.47,GARDENING,reintermediate extensible architectures
Lid - 0090 Clear,PenatibusEt.ppt,202.18,ELECTRONICS,visualize sticky methodologies
Raisin - Golden,VestibulumVestibulum.xls,276.28,GARDENING,implement granular e-tailers
Chicken - Leg / Back Attach,Amet.mov,117.82,ELECTRONICS,integrate world-class models
Bread - French Stick,SitAmet.xls,50.57,ELECTRONICS,integrate virtual technologies
Beef - Rib Roast Capless,DuisBibendum.avi,146.08,ELECTRONICS,scale bricks-and-clicks technologies
Mousse - Mango,Placerat.mp3,153.25,HOUSEHOLD,reinvent user-centric synergies
Longos - Chicken Caeser Salad,EnimIn.mp3,246.84,HOUSEHOLD,cultivate proactive e-commerce
Nut - Cashews Whole Raw,Montes.avi,122.48,GARDENING,extend dot-com supply-chains
Cafe Royale,Justo.txt,120.08,ELECTRONICS,transition sexy synergies
Vol Au Vents,UtOdio.mov,122.44,ELECTRONICS,engineer compelling content
Beer - Blue,PhasellusId.mp3,141.69,ELECTRONICS,maximize next-generation vortals
Pork - Hock And Feet Attached,AcNibh.ppt,57.76,ELECTRONICS,strategize leading-edge e-business
Extract - Raspberry,IntegerTincidunt.png,243.45,HOUSEHOLD,optimize best-of-breed channels
Wine - Periguita Fonseca,EnimLeoRhoncus.xls,277.27,HOUSEHOLD,grow out-of-the-box relationships
Allspice - Jamaican,NullaMollis.mov,131.84,ELECTRONICS,e-enable customized platforms
Wine - Charddonnay Errazuriz,OrciMaurisLacinia.tiff,187.37,GARDENING,grow web-enabled solutions
Onions - Red,EstCongue.mp3,214.22,HOUSEHOLD,expedite robust schemas
Ocean Spray - Kiwi Strawberry,MagnisDisParturient.jpeg,282.45,HOUSEHOLD,leverage plug-and-play initiatives
Tea - Grapefruit Green Tea,Ultrices.xls,196.41,HOUSEHOLD,redefine end-to-end functionalities
Bagelers,TempusSitAmet.gif,229.02,HOUSEHOLD,matrix e-business convergence
Pie Filling - Pumpkin,FusceCongue.mp3,169.81,HOUSEHOLD,implement cross-platform channels
Beef - Striploin,VivamusVestibulum.ppt,197.93,GARDENING,seize world-class models
Artichoke - Hearts Canned,Rhoncus.gif,224.53,HOUSEHOLD,incentivize leading-edge web-readiness
Mussels - Cultivated,AcEnim.mov,273.27,HOUSEHOLD,seize virtual channels
Sprouts - Corn,PellentesqueVolutpatDui.ppt,195.49,GARDENING,facilitate value-added e-services
Soup - Knorr Veg / Beef,VariusUtBlandit.avi,61.15,HOUSEHOLD,syndicate scalable web-readiness
Mousse - Mango,Volutpat.tiff,273.17,ELECTRONICS,optimize turn-key architectures
Plaintain,QuamSuspendissePotenti.tiff,189.24,GARDENING,leverage web-enabled platforms
Table Cloth 91x91 Colour,NislVenenatis.avi,75.95,GARDENING,evolve B2B vortals
Figs,InConsequat.xls,180.04,ELECTRONICS,disintermediate back-end metrics
Shrimp - Black Tiger 13/15,Ultrices.jpeg,278.01,ELECTRONICS,recontextualize magnetic technologies
Foil Wrap,CrasPellentesque.txt,244.29,HOUSEHOLD,repurpose end-to-end experiences
Oregano - Dry Rubbed,Duis.gif,154.69,HOUSEHOLD,drive dynamic platforms
Bread - White Mini Epi,FacilisiCrasNon.jpeg,177.95,HOUSEHOLD,engage distributed deliverables
Shiratamako - Rice Flour,Enim.ppt,106.0,ELECTRONICS,streamline back-end communities
Potatoes - Pei 10 Oz,CrasPellentesque.tiff,202.74,GARDENING,morph B2B portals
Shrimp - 100 / 200 Cold Water,LaciniaSapien.mp3,105.24,ELECTRONICS,iterate 24/365 ROI
Gelatine Leaves - Bulk,EtUltrices.avi,56.33,HOUSEHOLD,revolutionize ubiquitous channels
Lamb - Shoulder,Dolor.xls,89.31,GARDENING,disintermediate dynamic ROI
Chicken - Wieners,DonecSemperSapien.doc,195.98,ELECTRONICS,exploit collaborative metrics
Beer - Fruli,Magna.xls,81.11,ELECTRONICS,generate impactful paradigms
Soup - Campbells Chili,Lacus.avi,195.53,GARDENING,maximize user-centric metrics
Wine - Carmenere Casillero Del,JustoPellentesqueViverra.tiff,103.33,HOUSEHOLD,implement bricks-and-clicks e-tailers
Wine - Marlbourough Sauv Blanc,Posuere.mp3,139.21,ELECTRONICS,incubate holistic e-commerce
Chocolate - Milk Coating,Elit.mp3,55.79,ELECTRONICS,expedite frictionless interfaces
Wine - White Pinot Grigio,FelisUt.mp3,241.68,HOUSEHOLD,enhance granular mindshare
Beans - Turtle Black Dry,Iaculis.mp3,125.9,HOUSEHOLD,implement plug-and-play models
Syrup - Monin - Granny Smith,Sed.xls,83.04,ELECTRONICS,enable frictionless infomediaries
Fondant - Icing,UtNullaSed.png,146.54,HOUSEHOLD,brand dynamic functionalities
Pasta - Lasagne Fresh,Imperdiet.avi,235.26,GARDENING,facilitate frictionless initiatives
Plastic Arrow Stir Stick,Sapien.mov,273.34,ELECTRONICS,drive bleeding-edge partnerships
Pork - Smoked Back Bacon,Volutpat.ppt,122.88,GARDENING,iterate 24/7 users
Teriyaki Sauce,DapibusNulla.ppt,260.7,ELECTRONICS,target global ROI
Sugar - Crumb,Enim.mp3,176.28,HOUSEHOLD,benchmark end-to-end infomediaries
Soup - Campbells Beef Stew,PedeLobortis.avi,233.07,GARDENING,implement real-time web services
Sole - Fillet,PurusEuMagna.txt,191.41,ELECTRONICS,brand cross-platform e-tailers
Beer - Upper Canada Light,MaurisLacinia.tiff,58.62,ELECTRONICS,drive bleeding-edge technologies
Extract Vanilla Pure,Odio.pdf,148.54,GARDENING,optimize sexy initiatives
Kellogs All Bran Bars,Ut.tiff,127.98,HOUSEHOLD,visualize out-of-the-box bandwidth
Dikon,AccumsanFelisUt.png,256.35,HOUSEHOLD,visualize revolutionary markets
Coffee - Espresso,EuEstCongue.avi,295.44,ELECTRONICS,target intuitive channels
Wine - Sauvignon Blanc,PulvinarSed.jpeg,246.88,GARDENING,scale B2C e-markets
Chocolate - Unsweetened,Praesent.xls,209.01,GARDENING,cultivate B2B bandwidth
Bay Leaf,Tincidunt.xls,99.72,HOUSEHOLD,transform leading-edge channels
Water - Mineral Natural,FaucibusOrciLuctus.mp3,251.94,HOUSEHOLD,matrix transparent e-commerce
Truffle Cups Green,LiberoUtMassa.avi,56.4,GARDENING,repurpose B2B solutions
Chicken Breast Wing On,VivamusIn.gif,182.33,HOUSEHOLD,reintermediate front-end infrastructures
Tomato - Plum With Basil,Dui.doc,226.13,ELECTRONICS,optimize visionary platforms
The Pop Shoppe - Cream Soda,VelAugueVestibulum.xls,65.71,GARDENING,drive enterprise infomediaries
Sauce - Roasted Red Pepper,Ut.xls,262.4,ELECTRONICS,revolutionize user-centric mindshare
Coffee - Hazelnut Cream,DuiVel.mpeg,94.91,GARDENING,deliver cutting-edge web services
Cumin - Whole,Praesent.avi,182.32,ELECTRONICS,iterate B2B mindshare
Wine - Maipo Valle Cabernet,AccumsanFelisUt.tiff,137.08,ELECTRONICS,target viral e-tailers
Appetizer - Cheese Bites,MassaDonecDapibus.xls,234.26,GARDENING,seize scalable eyeballs
Puree - Blackcurrant,ElementumEu.avi,199.92,GARDENING,e-enable real-time initiatives
Sprouts - Baby Pea Tendrils,NecMolestie.ppt,226.42,ELECTRONICS,expedite collaborative metrics
Beans - Black Bean Canned,Turpis.mp3,142.84,HOUSEHOLD,incubate cross-media deliverables
Pie Filling - Pumpkin,VivamusVestibulumSagittis.gif,116.48,GARDENING,integrate integrated mindshare
Bacon Strip Precooked,MorbiOdioOdio.xls,158.22,ELECTRONICS,target innovative initiatives
Tomato Puree,SitAmetErat.doc,258.73,ELECTRONICS,iterate scalable eyeballs
Pepper - Pablano,VestibulumVelit.txt,204.16,HOUSEHOLD,expedite synergistic models
Soup - Verve - Chipotle Chicken,IntegerAc.mp3,221.52,HOUSEHOLD,embrace world-class initiatives
Oil - Olive Extra Virgin,NullaQuisqueArcu.xls,287.36,ELECTRONICS,whiteboard strategic e-business
Wine - Lou Black Shiraz,Et.ppt,230.94,ELECTRONICS,innovate vertical e-business
Soup - French Can Pea,APedePosuere.mp3,181.88,GARDENING,benchmark next-generation web services
Chestnuts - Wholecanned,Eu.ppt,141.91,GARDENING,morph dynamic e-markets
Plate Pie Foil,LaoreetUt.xls,275.25,HOUSEHOLD,deliver back-end niches
Croissants Thaw And Serve,Sed.xls,79.4,HOUSEHOLD,envisioneer 24/7 niches
Squash - Acorn,RhoncusAliquetPulvinar.mp3,228.7,GARDENING,orchestrate enterprise e-tailers
Liqueur - Melon,LuctusNecMolestie.mp3,178.36,ELECTRONICS,aggregate open-source platforms
Bagel - Whole White Sesame,MetusAenean.tiff,282.56,ELECTRONICS,integrate vertical solutions
Oxtail - Cut,Dapibus.tiff,76.08,ELECTRONICS,seize back-end e-commerce
Wine - Winzer Krems Gruner,EtErosVestibulum.xls,267.89,HOUSEHOLD,whiteboard dot-com paradigms
Plasticforkblack,Lacus.mp3,83.51,ELECTRONICS,orchestrate proactive functionalities
Gingerale - Schweppes 355 Ml,DignissimVestibulum.ppt,184.69,ELECTRONICS,productize mission-critical ROI
Fish - Artic Char Cold Smoked,ProinInterdum.avi,68.64,GARDENING,innovate bleeding-edge methodologies
Coke - Diet 355 Ml,Risus.jpeg,134.81,HOUSEHOLD,reintermediate intuitive infomediaries
Ecolab Crystal Fusion,DuisBibendumFelis.avi,183.69,GARDENING,incentivize one-to-one ROI
Oneshot Automatic Soap System,FaucibusOrciLuctus.doc,64.01,ELECTRONICS,leverage synergistic bandwidth
Beans - French,MaurisNon.mp3,250.8,ELECTRONICS,brand open-source e-services
Creme De Cacao Mcguines,DuisFaucibusAccumsan.mp3,217.02,GARDENING,cultivate open-source platforms
Water - Spring Water 355 Ml,Mus.jpeg,186.76,HOUSEHOLD,transform B2B web-readiness
Mushroom - Chanterelle Frozen,OrnareConsequat.xls,294.48,GARDENING,reintermediate vertical portals
Ice Cream Bar - Hageen Daz To,In.ppt,116.39,GARDENING,revolutionize e-business partnerships
Cheese Cheddar Processed,VulputateElementum.xls,109.28,HOUSEHOLD,engage turn-key convergence
Pasta - Fett Alfredo Single Serve,NequeVestibulum.pdf,292.93,GARDENING,syndicate plug-and-play e-markets
Soupfoamcont12oz 112con,VolutpatIn.mp3,54.74,GARDENING,iterate cross-media web-readiness
Mustard - Dijon,ProinEuMi.mp3,263.25,HOUSEHOLD,engineer viral methodologies
Brandy - Bar,Fringilla.avi,53.86,GARDENING,redefine vertical e-services
Longos - Grilled Veg Sandwiches,Donec.xls,242.78,HOUSEHOLD,incentivize world-class ROI
Lettuce - Frisee,NonSodales.avi,197.72,HOUSEHOLD,unleash wireless content
Lemonade - Pineapple Passion,At.xls,174.23,ELECTRONICS,productize intuitive ROI
Sprouts - Alfalfa,DiamId.jpeg,220.88,HOUSEHOLD,monetize cross-platform systems
Soup - Campbells Spinach Crm,Arcu.ppt,91.54,GARDENING,reinvent magnetic solutions
Bread Foccacia Whole,PellentesqueVolutpatDui.mp3,130.87,GARDENING,optimize sticky users
Veal - Brisket Provimi Bone - In,Odio.xls,65.77,ELECTRONICS,reinvent transparent schemas
Milk - 1%,JustoEu.avi,285.44,HOUSEHOLD,deploy rich architectures
Icecream - Dstk Cml And Fdg,NullaSuscipit.jpeg,137.26,ELECTRONICS,facilitate viral e-commerce
Icecream - Dibs,VelitId.avi,91.44,GARDENING,morph back-end schemas
Chocolate - Semi Sweet Calets,LoremIpsum.mp3,291.2,ELECTRONICS,optimize holistic metrics
Kirsch - Schloss,Accumsan.mpeg,196.1,GARDENING,enable back-end convergence
Juice - Mango,Ipsum.mov,265.83,GARDENING,engineer distributed technologies
Chicken - Ground,Pede.pdf,216.09,ELECTRONICS,leverage mission-critical infrastructures
Appetizer - Southwestern,NonummyInteger.xls,286.95,ELECTRONICS,evolve plug-and-play users
Kaffir Lime Leaves,MiPede.ppt,238.49,HOUSEHOLD,grow 24/7 initiatives
Syrup - Golden Lyles,VulputateUt.avi,286.74,HOUSEHOLD,matrix web-enabled users
Mousse - Banana Chocolate,Tellus.ppt,192.04,HOUSEHOLD,embrace clicks-and-mortar technologies
Leeks - Baby White,Vivamus.ppt,106.09,GARDENING,expedite holistic e-services
Jello - Assorted,Interdum.ppt,239.11,ELECTRONICS,integrate user-centric applications
Plasticspoonblack,NullaSuscipit.txt,103.1,HOUSEHOLD,enhance virtual e-markets
Steampan - Half Size Shallow,IdMaurisVulputate.ppt,238.04,HOUSEHOLD,strategize one-to-one web-readiness
Sprouts - Onion,ImperdietNullamOrci.doc,105.4,ELECTRONICS,e-enable extensible e-commerce
Tea - Orange Pekoe,At.avi,279.71,HOUSEHOLD,redefine virtual users
Soup Campbells - Tomato Bisque,Vestibulum.ppt,190.54,HOUSEHOLD,engage seamless applications
Sambuca Cream,PedeUllamcorperAugue.mov,154.35,HOUSEHOLD,evolve ubiquitous action-items
Beer - Paulaner Hefeweisse,Dui.txt,167.02,ELECTRONICS,envisioneer efficient e-commerce
Island Oasis - Mango Daiquiri,Eu.avi,201.74,ELECTRONICS,deploy dot-com bandwidth
Wine - Ej Gallo Sonoma,TemporConvallis.mp3,270.08,GARDENING,expedite turn-key infrastructures
Chocolate Bar - Reese Pieces,EtErosVestibulum.jpeg,69.62,GARDENING,visualize efficient action-items
Island Oasis - Lemonade,SedVestibulumSit.ppt,128.89,ELECTRONICS,cultivate plug-and-play architectures
Oil - Macadamia,JustoSollicitudin.png,217.78,ELECTRONICS,matrix sticky niches
Cod - Black Whole Fillet,PedeLobortisLigula.mp3,255.17,GARDENING,matrix out-of-the-box channels
Wine - Pinot Noir Pond Haddock,Id.avi,246.51,HOUSEHOLD,reinvent granular systems
Brandy - Orange Mc Guiness,VulputateJusto.mp3,85.29,GARDENING,deploy dynamic methodologies
Grouper - Fresh,Pretium.gif,69.4,HOUSEHOLD,benchmark customized schemas
Paste - Black Olive,Sed.xls,241.15,ELECTRONICS,leverage rich systems
Mushrooms - Honey,PretiumIaculisJusto.avi,254.61,HOUSEHOLD,unleash cutting-edge solutions
